,Modelo 1_coef,Modelo 1_se,Modelo 1_p,Modelo 2_coef,Modelo 2_se,Modelo 2_p,Modelo 3_coef,Modelo 3_se,Modelo 3_p,Modelo 4_coef,Modelo 4_se,Modelo 4_p,Modelo 5_coef,Modelo 5_se,Modelo 5_p,Modelo 6_coef,Modelo 6_se,Modelo 6_p
const,0.5399849200344419,0.0424648170097597,4.815700018585523e-37,0.47903442559561604,0.05029859468186188,1.669382532622721e-21,0.5401639837848583,0.050573539865510976,1.2523829571129221e-26,0.3323645968110983,0.04727066568654044,2.049171844056722e-12,0.26847283378095904,0.04674571087703779,9.287022818119791e-09,0.2624459480257345,0.047237010856293414,2.761233914410622e-08
FEMALE,-0.1506261820502336,0.01452619049409582,3.4208130839643354e-25,-0.15205217516900435,0.014423041979731458,5.512807145703893e-26,-0.1448892485913442,0.014400755247847003,8.197136809352699e-24,-0.08715935214354861,0.013749518629081844,2.3113535652395778e-10,-0.08483744386525975,0.013635577955395547,4.91574088101891e-10,-0.07387742742368433,0.016281514939540772,5.692414567148222e-06
RACE_BLACK,0.13010400902488323,0.01943940139325881,2.189415622628368e-11,0.08159059912781935,0.02054858407030276,7.168612772689368e-05,0.04239291251693209,0.02149454314119435,0.048579482926485514,0.0733202082266155,0.020026484121801982,0.00025107366137653116,0.10579375828384441,0.02005331044088381,1.323039454510935e-07,0.12420913034841657,0.028264652831494368,1.1102595191479144e-05
RACE_HISPANIC,0.03755096602259195,0.019731831143613054,0.05703200612041887,0.001645977678850788,0.021166137485843024,0.9380152512402956,-0.01949464952403777,0.021406796923930015,0.36246627746592963,-0.018191307278326227,0.019516399994019232,0.35128297226644356,-0.005833024681149896,0.019267357855715463,0.762087032194437,0.0025864501045496924,0.027968201171018333,0.9263180766952027
RACE_MIXED,0.07731723431616078,0.08478003457067283,0.36178211227495594,0.07064091297748867,0.08679432261272182,0.41570875052237755,0.08071251942236538,0.08252156584730347,0.32803579970339836,0.06857482920413331,0.08090633181295802,0.3966702605590734,0.06271832579906621,0.07739800992223739,0.41774759470960454,0.062310242944927464,0.07737354464378134,0.42063668399262544
BIOMOMAGE,-0.007729855770404069,0.0014160478266013053,4.794893957717337e-08,-0.004033532288921337,0.0015048744053115654,0.007355366116615935,-0.003534099175931446,0.0015069321883829753,0.019015460507288924,-0.002566145514879043,0.0014064784500661231,0.06807376903679543,-0.002812108634351374,0.0013773800206893876,0.04118765163945946,-0.0027945125007026632,0.0013761147953039355,0.04228276732861855
NUMSIBS,0.0009177502520561214,0.006406364501830564,0.8860879920465999,0.0004889085256009115,0.006617836964778088,0.941107946457656,-0.00053460754600404,0.006561847559841931,0.9350665065707674,-0.000987951266663849,0.006028624148803754,0.8698281790436818,0.0022098736209576926,0.005857762060332849,0.7059836544612779,0.002241967945999416,0.0058484843411819015,0.7014664221740932
FAM_ONE_PARENT,,,,0.10225510619903802,0.01835874248460877,2.5498549064365598e-08,0.09820791894339674,0.018221608593227974,7.059878250006698e-08,0.056425482517757,0.01678301492336722,0.0007736365595720256,0.04080750071526711,0.01648779564485705,0.013323150369671573,0.04040558077195529,0.016496384851638932,0.014311043866929425
FAM_BIO_STEP,,,,0.07976929670166286,0.023284936421696316,0.0006130146854188744,0.06750049713314338,0.023112459477935686,0.0034944306097003924,0.03728324242193545,0.020987319946499626,0.07565628153230979,0.020092710648726156,0.020678754624394828,0.3312199167139974,0.020383522011629646,0.020682795856071114,0.32436365546203005
FAM_OTHER,,,,0.17406191857875697,0.10151258624451895,0.08640333916033742,0.14818845993746085,0.10132513627563627,0.1436030332728826,0.1657679339020929,0.09518963963024482,0.08160484818001876,0.16067343584159485,0.09694119794515485,0.09743218239863963,0.15995730164790556,0.09659387438106748,0.09772633550252453
PAR_ED_HS,,,,-0.03847790563213777,0.025691147546126576,0.13420844017083414,-0.020026897922073725,0.025771122889394853,0.4370961496991064,-0.020361586523920075,0.02339896139536514,0.3841955452692314,-0.018064982734361665,0.02278127921449662,0.42779244349328205,-0.017774904125762728,0.022804909723341992,0.43572456368529167
PAR_ED_SOME_COL,,,,-0.029354185976127788,0.02628968393556416,0.2641796308308062,0.004786686128793306,0.02669529808825302,0.8576957002921971,-0.0115131773242814,0.024118476507619627,0.6331063421977472,-0.005828675017276633,0.023499356610487198,0.8041069282645352,-0.005826538841897171,0.023510856851566377,0.8042711029745504
PAR_ED_COL,,,,-0.08374088728141554,0.02801835194692849,0.0028008727305654643,-0.02913915449277476,0.029051434609580366,0.31585146813240794,-0.0389453537209649,0.02624443363520267,0.13782292951031988,-0.026624990164363434,0.025627251860660224,0.2988360335144281,-0.026700023631141677,0.025617200630193057,0.2972868078211651
POVRATIO97,,,,-0.005280843117313325,0.0028040784551386267,0.05966348325263186,-0.002498179891318947,0.0027765081730325345,0.3682501138656402,-0.0022567757149229944,0.0025606148820886254,0.37813310480760365,-0.0025265900068839648,0.0025691399137763877,0.3253918795612596,-0.002557515047406014,0.0025706270612398494,0.3197852464709152
ASVAB_SCORE,,,,,,,-0.0020651922027386787,0.00029514490683220997,2.6110151195409253e-12,-0.0015875381759318458,0.0002729143779058301,5.991939158910332e-09,-0.0012822446521971072,0.0002696902511322196,1.98929550570376e-06,-0.0012755582363205592,0.0002695598290396413,2.2231383995234473e-06
EARLY_DESTROY,,,,,,,,,,0.11646717113742437,0.011999954456064246,2.8529583501916823e-22,0.10139999519088255,0.012073727241837338,4.5260178258469724e-17,0.10170288544196374,0.012079126902115732,3.773800701987043e-17
EARLY_STEAL_UNDER,,,,,,,,,,0.03950637536197124,0.012111877777062576,0.0011071197907118345,0.010436436905081314,0.012445160432156984,0.40169717706542685,0.010794263782392836,0.012448126308083503,0.38586550278764153
EARLY_STEAL_OVER,,,,,,,,,,0.04105721884518561,0.02141280887229824,0.05518536098694814,0.015130164975286724,0.021143803138431318,0.4742483218028163,0.01478598426797146,0.021191849812172845,0.48535211679364587
EARLY_OTHER_PROP,,,,,,,,,,0.07138923065949,0.02097691010152453,0.000665944178827556,0.054706500095755145,0.020777846142051814,0.008465316368415715,0.054976881592867136,0.020813747325626852,0.008257062436214952
EARLY_GANG,,,,,,,,,,0.07612604460986153,0.011094288704949573,6.803022836804858e-12,0.06690751842054385,0.01095568886525955,1.0145588094465812e-09,0.06679723780841208,0.010967659785761086,1.1264157966012634e-09
EARLY_GUN,,,,,,,,,,0.06276009375703792,0.01715670827914179,0.0002541416467399809,0.047377301454965395,0.01663738647987313,0.004404459850157567,0.047588705268147354,0.01664434958301009,0.004247768156686944
EARLY_RUNAWAY,,,,,,,,,,0.1375680742577891,0.017687894104986352,7.39559797590171e-15,0.09066911077450497,0.01808705821060022,5.360811074808064e-07,0.09096071819930403,0.01810773392492258,5.07890911060925e-07
EARLY_SMOKING,,,,,,,,,,,,,0.03203735915494056,0.007317674940521352,1.1972994119036207e-05,0.03155768434734391,0.0073060946177200495,1.5647928340015003e-05
EARLY_ALCOHOL,,,,,,,,,,,,,0.007984208889138693,0.007286344504181041,0.27317636608999385,0.008354939030867023,0.007286369387848737,0.2515249652996753
EARLY_MARIJUANA,,,,,,,,,,,,,0.01735914390569404,0.011786729544369663,0.14081301307141397,0.017120205436510584,0.011784165369513341,0.1462752857266591
EARLY_HARD_DRUGS,,,,,,,,,,,,,0.029053787237124193,0.01948724183384247,0.1359842697409835,0.028633868540960228,0.01950123201707156,0.14201983314667757
EVER_ARR_BY17,,,,,,,,,,,,,0.1716738528124714,0.02447824880716948,2.3272418484459473e-12,0.17120443368896213,0.024524142522017973,2.9296767626165257e-12
FEMALE_x_BLACK,,,,,,,,,,,,,,,,-0.03584645305052612,0.034723951396471914,0.30191922003777305
FEMALE_x_HISPANIC,,,,,,,,,,,,,,,,-0.016935537887204883,0.03379494544922189,0.616282198640727
